ISBN,Title,Author,Genre,Price
935613,Book 1,Author 10,Horror,54
912430,Book 2,Author 15,Action and adventure,98
903765,Book 3,Author 2,Math,26
954296,Book 4,Author 3,Action and adventure,38
931343,Book 5,Author 9,Crime,35
900789,Book 6,Author 39,Dictionary,98
995964,Book 7,Author 24,Horror,19
903083,Book 8,Author 35,Anthology,50
966578,Book 9,Author 23,Alternate history,49
920516,Book 10,Author 49,Math,71
961891,Book 11,Author 13,Encyclopedia,53
970222,Book 12,Author 25,Math,22
948538,Book 13,Author 1,Comic,55
906412,Book 14,Author 22,Romance,89
923766,Book 15,Author 7,Business/economics,71
901868,Book 16,Author 12,Encyclopedia,98
991120,Book 17,Author 34,Horror,9
905293,Book 18,Author 22,Autobiography,81
963124,Book 19,Author 29,Textbook,65
929879,Book 20,Author 22,Philosophy,10
916295,Book 21,Author 15,Classic,85
972353,Book 22,Author 19,Classic,62
968593,Book 23,Author 45,Poetry,53
952936,Book 24,Author 18,Dictionary,86
903858,Book 25,Author 37,Comic,70
979375,Book 26,Author 10,Crime,74
984924,Book 27,Author 46,Poetry,7
945120,Book 28,Author 36,Poetry,39
934713,Book 29,Author 49,Action and adventure,8
979307,Book 30,Author 18,Fantasy,89
923649,Book 31,Author 15,Fantasy,78
952191,Book 32,Author 5,Biography,73
981487,Book 33,Author 34,Drama,24
983640,Book 34,Author 42,Biography,22
990784,Book 35,Author 30,Classic,8
971616,Book 36,Author 42,Crime,78
935368,Book 37,Author 26,Comic,99
931773,Book 38,Author 44,Textbook,53
991468,Book 39,Author 34,Horror,36
962173,Book 40,Author 9,Science fiction,62
987547,Book 41,Author 1,Textbook,12
971679,Book 42,Author 38,Autobiography,97
910845,Book 43,Author 45,Textbook,78
939592,Book 44,Author 34,Alternate history,43
960483,Book 45,Author 49,Biography,51
972481,Book 46,Author 34,Fantasy,79
937743,Book 47,Author 6,Anthology,93
982377,Book 48,Author 21,Romance,71
974008,Book 49,Author 21,Fantasy,46
996193,Book 50,Author 49,Autobiography,15
946898,Book 51,Author 9,Alternate history,71
905539,Book 52,Author 22,Fantasy,98
928567,Book 53,Author 23,Philosophy,75
932677,Book 54,Author 21,Fantasy,7
992481,Book 55,Author 11,Biography,5
984318,Book 56,Author 23,Classic,20
942131,Book 57,Author 3,Encyclopedia,87
986833,Book 58,Author 27,Classic,50
916638,Book 59,Author 40,Anthology,3
985013,Book 60,Author 28,Cookbook,13
946838,Book 61,Author 5,Art/architecture,52
983124,Book 62,Author 20,Cookbook,91
917604,Book 63,Author 8,Business/economics,52
930494,Book 64,Author 18,Business/economics,66
930190,Book 65,Author 3,Business/economics,48
970880,Book 66,Author 27,Classic,9
905668,Book 67,Author 17,Classic,23
979148,Book 68,Author 39,Poetry,57
916954,Book 69,Author 43,Biography,87
915303,Book 70,Author 21,Classic,83
906712,Book 71,Author 33,Encyclopedia,20
907642,Book 72,Author 35,Drama,2
922764,Book 73,Author 39,Horror,49
912074,Book 74,Author 7,Comic,18
921764,Book 75,Author 22,Art/architecture,41
920671,Book 76,Author 37,Crime,10
960781,Book 77,Author 10,Encyclopedia,58
948645,Book 78,Author 2,Romance,18
919942,Book 79,Author 9,Philosophy,40
972465,Book 80,Author 36,Encyclopedia,77
921791,Book 81,Author 32,Comic,7
936352,Book 82,Author 20,Art/architecture,95
934323,Book 83,Author 3,Alternate history,60
937645,Book 84,Author 10,Math,79
940536,Book 85,Author 48,Encyclopedia,6
938431,Book 86,Author 33,Art/architecture,89
965195,Book 87,Author 24,Horror,98
926756,Book 88,Author 19,Horror,26
951529,Book 89,Author 16,Autobiography,11
988426,Book 90,Author 26,Poetry,56
902791,Book 91,Author 46,Crime,13
966072,Book 92,Author 26,Crime,35
970986,Book 93,Author 12,Science fiction,79
983928,Book 94,Author 20,Action and adventure,8
969565,Book 95,Author 45,Crime,12
901146,Book 96,Author 11,Art/architecture,22
956865,Book 97,Author 11,Encyclopedia,92
964929,Book 98,Author 11,Comic,25
995478,Book 99,Author 32,Horror,43
915077,Book 100,Author 22,Horror,64
994822,Book 101,Author 36,Business/economics,96
943078,Book 102,Author 8,Drama,35
910699,Book 103,Author 23,Business/economics,48
986969,Book 104,Author 38,Dictionary,14
997012,Book 105,Author 12,Math,96
998738,Book 106,Author 35,Math,92
989777,Book 107,Author 45,Crime,76
977552,Book 108,Author 19,Philosophy,13
908470,Book 109,Author 24,Poetry,54
997625,Book 110,Author 26,Art/architecture,18
987554,Book 111,Author 35,Drama,13
937286,Book 112,Author 43,Romance,42
920378,Book 113,Author 39,Textbook,83
972585,Book 114,Author 25,Math,93
994655,Book 115,Author 11,Autobiography,20
953224,Book 116,Author 15,Textbook,86
909338,Book 117,Author 29,Anthology,52
951959,Book 118,Author 31,Dictionary,54
912209,Book 119,Author 45,Crime,97
989985,Book 120,Author 16,Science fiction,53
959390,Book 121,Author 32,Autobiography,92
921972,Book 122,Author 32,Philosophy,24
968758,Book 123,Author 19,Comic,69
938469,Book 124,Author 24,Science fiction,77
902169,Book 125,Author 31,Art/architecture,32
966936,Book 126,Author 25,Philosophy,62
991497,Book 127,Author 34,Crime,92
901618,Book 128,Author 9,Cookbook,79
972435,Book 129,Author 25,Classic,59
985585,Book 130,Author 43,Romance,9
908341,Book 131,Author 1,Math,75
937762,Book 132,Author 32,Autobiography,89
923036,Book 133,Author 22,Crime,68
934331,Book 134,Author 47,Action and adventure,7
917634,Book 135,Author 27,Horror,40
945668,Book 136,Author 45,Biography,38
941239,Book 137,Author 20,Science fiction,99
922361,Book 138,Author 36,Encyclopedia,4
945940,Book 139,Author 21,Math,82
960751,Book 140,Author 44,Action and adventure,11
947913,Book 141,Author 37,Math,33
909878,Book 142,Author 25,Art/architecture,21
906772,Book 143,Author 7,Art/architecture,48
912544,Book 144,Author 44,Romance,27
999642,Book 145,Author 43,Textbook,53
925573,Book 146,Author 4,Cookbook,62
910507,Book 147,Author 12,Art/architecture,42
947529,Book 148,Author 6,Romance,62
976234,Book 149,Author 25,Drama,78
920196,Book 150,Author 25,Encyclopedia,85
988287,Book 151,Author 47,Philosophy,93
911797,Book 152,Author 2,Art/architecture,33
985787,Book 153,Author 40,Art/architecture,86
936189,Book 154,Author 24,Autobiography,16
904424,Book 155,Author 33,Romance,68
907804,Book 156,Author 14,Anthology,23
921723,Book 157,Author 33,Alternate history,9
914820,Book 158,Author 47,Math,88
992257,Book 159,Author 28,Art/architecture,19
958107,Book 160,Author 35,Action and adventure,96
997307,Book 161,Author 49,Textbook,62
985369,Book 162,Author 9,Poetry,44
930554,Book 163,Author 43,Crime,59
975902,Book 164,Author 40,Textbook,13
922635,Book 165,Author 12,Comic,80
913334,Book 166,Author 15,Comic,70
964478,Book 167,Author 43,Classic,73
940741,Book 168,Author 35,Philosophy,55
909766,Book 169,Author 43,Alternate history,28
925354,Book 170,Author 5,Drama,81
907242,Book 171,Author 33,Comic,16
972963,Book 172,Author 46,Biography,13
944687,Book 173,Author 31,Philosophy,27
952127,Book 174,Author 30,Business/economics,11
909927,Book 175,Author 8,Drama,19
929568,Book 176,Author 34,Cookbook,21
995777,Book 177,Author 45,Action and adventure,91
983971,Book 178,Author 30,Business/economics,68
912916,Book 179,Author 30,Autobiography,35
985441,Book 180,Author 5,Autobiography,18
913092,Book 181,Author 47,Dictionary,48
923723,Book 182,Author 17,Dictionary,48
956071,Book 183,Author 7,Anthology,76
902104,Book 184,Author 7,Crime,51
977542,Book 185,Author 9,Autobiography,9
991083,Book 186,Author 9,Autobiography,75
990746,Book 187,Author 31,Dictionary,36
920747,Book 188,Author 25,Horror,34
930665,Book 189,Author 28,Action and adventure,8
904679,Book 190,Author 18,Art/architecture,83
965545,Book 191,Author 1,Cookbook,47
903046,Book 192,Author 43,Biography,56
984930,Book 193,Author 3,Dictionary,58
997902,Book 194,Author 44,Drama,63
999101,Book 195,Author 36,Fantasy,31
997387,Book 196,Author 18,Biography,89
959793,Book 197,Author 4,Romance,88
904941,Book 198,Author 22,Business/economics,60
996325,Book 199,Author 30,Comic,44
953863,Book 200,Author 12,Anthology,93
983515,Book 201,Author 14,Art/architecture,59
948114,Book 202,Author 26,Anthology,33
940479,Book 203,Author 26,Science fiction,97
992888,Book 204,Author 26,Horror,58
923315,Book 205,Author 31,Encyclopedia,39
994150,Book 206,Author 15,Autobiography,30
969015,Book 207,Author 34,Action and adventure,70
977458,Book 208,Author 36,Drama,2
917770,Book 209,Author 32,Autobiography,35
924225,Book 210,Author 13,Business/economics,93
989430,Book 211,Author 25,Math,60
981846,Book 212,Author 12,Math,90
938656,Book 213,Author 20,Poetry,61
923364,Book 214,Author 39,Science fiction,42
954890,Book 215,Author 34,Science fiction,81
954727,Book 216,Author 2,Science fiction,47
973868,Book 217,Author 38,Horror,63
901275,Book 218,Author 48,Comic,62
929816,Book 219,Author 35,Romance,25
951686,Book 220,Author 13,Romance,16
936020,Book 221,Author 40,Cookbook,90
922529,Book 222,Author 46,Anthology,9
956105,Book 223,Author 13,Cookbook,29
951419,Book 224,Author 19,Drama,97
902205,Book 225,Author 16,Horror,18
910444,Book 226,Author 16,Alternate history,14
927108,Book 227,Author 21,Comic,25
925829,Book 228,Author 12,Drama,77
996893,Book 229,Author 26,Philosophy,65
973782,Book 230,Author 14,Autobiography,61
906766,Book 231,Author 24,Autobiography,85
942503,Book 232,Author 9,Poetry,27
935872,Book 233,Author 43,Alternate history,89
923297,Book 234,Author 46,Alternate history,62
926763,Book 235,Author 34,Alternate history,61
938572,Book 236,Author 23,Encyclopedia,27
926976,Book 237,Author 7,Math,23
951027,Book 238,Author 10,Classic,51
918533,Book 239,Author 2,Autobiography,66
947823,Book 240,Author 45,Fantasy,59
952781,Book 241,Author 8,Anthology,47
955196,Book 242,Author 36,Textbook,71
944772,Book 243,Author 14,Romance,56
920703,Book 244,Author 26,Romance,96
939549,Book 245,Author 2,Fantasy,94
982903,Book 246,Author 25,Dictionary,15
947408,Book 247,Author 27,Anthology,20
973270,Book 248,Author 40,Encyclopedia,91
994142,Book 249,Author 47,Comic,49
919648,Book 250,Author 47,Anthology,81
912618,Book 251,Author 18,Poetry,16
972872,Book 252,Author 20,Dictionary,48
970843,Book 253,Author 34,Art/architecture,98
976615,Book 254,Author 34,Horror,4
910725,Book 255,Author 28,Textbook,94
994103,Book 256,Author 32,Philosophy,74
997599,Book 257,Author 32,Science fiction,85
973988,Book 258,Author 13,Anthology,69
986596,Book 259,Author 4,Math,75
975510,Book 260,Author 47,Science fiction,5
986701,Book 261,Author 32,Poetry,8
961018,Book 262,Author 13,Philosophy,84
919137,Book 263,Author 2,Anthology,47
903732,Book 264,Author 37,Dictionary,79
912148,Book 265,Author 24,Romance,30
921910,Book 266,Author 28,Textbook,58
931145,Book 267,Author 33,Action and adventure,39
935878,Book 268,Author 8,Romance,1
934759,Book 269,Author 2,Comic,57
926420,Book 270,Author 5,Horror,67
915162,Book 271,Author 34,Biography,73
964405,Book 272,Author 39,Classic,90
991199,Book 273,Author 30,Anthology,8
987649,Book 274,Author 9,Drama,70
983581,Book 275,Author 15,Encyclopedia,52
929290,Book 276,Author 44,Poetry,66
955945,Book 277,Author 20,Art/architecture,54
994610,Book 278,Author 47,Cookbook,4
944085,Book 279,Author 4,Action and adventure,35
965219,Book 280,Author 31,Crime,6
989008,Book 281,Author 40,Business/economics,25
900933,Book 282,Author 18,Comic,49
930138,Book 283,Author 11,Anthology,62
975266,Book 284,Author 5,Math,56
965289,Book 285,Author 21,Comic,37
932551,Book 286,Author 12,Math,21
942691,Book 287,Author 49,Classic,43
974851,Book 288,Author 40,Art/architecture,95
934122,Book 289,Author 47,Dictionary,26
925035,Book 290,Author 38,Anthology,25
932461,Book 291,Author 28,Crime,83
988830,Book 292,Author 26,Horror,97
936621,Book 293,Author 9,Philosophy,55
912560,Book 294,Author 9,Dictionary,34
930653,Book 295,Author 15,Romance,43
928047,Book 296,Author 25,Art/architecture,7
911488,Book 297,Author 31,Anthology,98
943284,Book 298,Author 27,Romance,53
934357,Book 299,Author 23,Encyclopedia,7
904207,Book 300,Author 48,Dictionary,15
951580,Book 301,Author 11,Comic,64
964735,Book 302,Author 40,Science fiction,23
927410,Book 303,Author 18,Classic,59
989957,Book 304,Author 31,Drama,18
944411,Book 305,Author 19,Philosophy,15
900459,Book 306,Author 12,Horror,35
916568,Book 307,Author 33,Comic,22
909211,Book 308,Author 28,Business/economics,88
918608,Book 309,Author 16,Poetry,34
974480,Book 310,Author 45,Romance,71
954539,Book 311,Author 13,Biography,1
987418,Book 312,Author 13,Horror,10
993900,Book 313,Author 13,Action and adventure,38
981219,Book 314,Author 4,Comic,85
977264,Book 315,Author 36,Romance,1
903437,Book 316,Author 28,Dictionary,34
930471,Book 317,Author 40,Business/economics,34
954963,Book 318,Author 46,Action and adventure,12
913389,Book 319,Author 34,Philosophy,18
931240,Book 320,Author 44,Anthology,76
978493,Book 321,Author 47,Autobiography,2
958315,Book 322,Author 48,Dictionary,55
950045,Book 323,Author 30,Textbook,40
932901,Book 324,Author 44,Business/economics,53
985865,Book 325,Author 19,Philosophy,88
902078,Book 326,Author 13,Romance,29
988735,Book 327,Author 34,Classic,76
990408,Book 328,Author 15,Textbook,9
920957,Book 329,Author 31,Biography,91
900398,Book 330,Author 48,Poetry,43
990993,Book 331,Author 14,Horror,62
966076,Book 332,Author 21,Drama,99
985808,Book 333,Author 26,Fantasy,57
968347,Book 334,Author 6,Art/architecture,22
994581,Book 335,Author 15,Crime,82
958387,Book 336,Author 27,Math,73
916692,Book 337,Author 18,Art/architecture,78
941150,Book 338,Author 12,Business/economics,90
984826,Book 339,Author 13,Fantasy,22
907071,Book 340,Author 11,Dictionary,4
940002,Book 341,Author 24,Cookbook,39
938146,Book 342,Author 31,Business/economics,52
957849,Book 343,Author 23,Encyclopedia,23
928452,Book 344,Author 45,Biography,50
999395,Book 345,Author 20,Alternate history,47
915396,Book 346,Author 24,Biography,25
959017,Book 347,Author 45,Comic,26
933321,Book 348,Author 27,Science fiction,51
905273,Book 349,Author 13,Comic,67
913918,Book 350,Author 25,Poetry,25
965335,Book 351,Author 32,Textbook,10
977329,Book 352,Author 13,Math,57
919486,Book 353,Author 19,Comic,19
934266,Book 354,Author 48,Action and adventure,8
971386,Book 355,Author 30,Anthology,22
934565,Book 356,Author 46,Math,70
904915,Book 357,Author 41,Textbook,85
904727,Book 358,Author 44,Dictionary,12
984841,Book 359,Author 33,Philosophy,7
944920,Book 360,Author 41,Poetry,16
924743,Book 361,Author 42,Cookbook,38
963827,Book 362,Author 22,Science fiction,26
915379,Book 363,Author 17,Biography,89
938862,Book 364,Author 32,Classic,91
915364,Book 365,Author 4,Poetry,24
922560,Book 366,Author 6,Drama,16
976545,Book 367,Author 44,Cookbook,69
971251,Book 368,Author 41,Romance,74
987993,Book 369,Author 13,Art/architecture,5
914887,Book 370,Author 49,Horror,77
969278,Book 371,Author 16,Action and adventure,71
985444,Book 372,Author 23,Anthology,64
932437,Book 373,Author 43,Fantasy,28
999455,Book 374,Author 1,Alternate history,72
996774,Book 375,Author 45,Science fiction,62
997368,Book 376,Author 13,Philosophy,53
988243,Book 377,Author 32,Business/economics,44
929476,Book 378,Author 17,Anthology,83
900488,Book 379,Author 1,Action and adventure,55
981105,Book 380,Author 28,Action and adventure,97
905173,Book 381,Author 27,Horror,67
987733,Book 382,Author 14,Classic,62
969279,Book 383,Author 46,Crime,42
930124,Book 384,Author 20,Romance,15
949871,Book 385,Author 3,Anthology,20
904051,Book 386,Author 35,Classic,33
910870,Book 387,Author 21,Encyclopedia,72
983301,Book 388,Author 38,Philosophy,43
923387,Book 389,Author 41,Science fiction,71
967977,Book 390,Author 49,Science fiction,41
928330,Book 391,Author 49,Cookbook,77
984516,Book 392,Author 11,Math,46
979965,Book 393,Author 48,Horror,40
908175,Book 394,Author 4,Dictionary,28
909085,Book 395,Author 16,Action and adventure,77
994302,Book 396,Author 44,Classic,49
908219,Book 397,Author 18,Philosophy,80
929909,Book 398,Author 28,Biography,35
930187,Book 399,Author 17,Crime,86
980779,Book 400,Author 9,Romance,23
920468,Book 401,Author 11,Poetry,42
990945,Book 402,Author 37,Horror,22
997508,Book 403,Author 42,Crime,86
967120,Book 404,Author 42,Poetry,35
931806,Book 405,Author 35,Math,13
955044,Book 406,Author 40,Biography,40
961838,Book 407,Author 19,Science fiction,17
925313,Book 408,Author 24,Encyclopedia,86
933924,Book 409,Author 13,Encyclopedia,19
913041,Book 410,Author 16,Encyclopedia,65
986433,Book 411,Author 4,Encyclopedia,41
908436,Book 412,Author 3,Business/economics,82
929136,Book 413,Author 45,Textbook,60
974750,Book 414,Author 4,Drama,74
930593,Book 415,Author 31,Anthology,61
976384,Book 416,Author 25,Classic,20
908201,Book 417,Author 11,Poetry,30
990611,Book 418,Author 43,Autobiography,14
954980,Book 419,Author 4,Science fiction,63
924982,Book 420,Author 38,Classic,44
998606,Book 421,Author 38,Drama,30
903234,Book 422,Author 49,Drama,41
982435,Book 423,Author 42,Horror,59
994400,Book 424,Author 10,Poetry,25
946262,Book 425,Author 29,Alternate history,32
994605,Book 426,Author 32,Drama,82
940225,Book 427,Author 35,Math,40
988220,Book 428,Author 33,Science fiction,20
992354,Book 429,Author 42,Drama,30
968909,Book 430,Author 4,Comic,20
903440,Book 431,Author 15,Romance,57
920126,Book 432,Author 32,Action and adventure,1
969092,Book 433,Author 28,Drama,28
969700,Book 434,Author 19,Philosophy,89
997115,Book 435,Author 1,Classic,40
985439,Book 436,Author 15,Dictionary,85
963927,Book 437,Author 24,Poetry,28
944307,Book 438,Author 28,Action and adventure,44
973453,Book 439,Author 32,Fantasy,8
981622,Book 440,Author 22,Philosophy,3
900962,Book 441,Author 10,Anthology,31
912535,Book 442,Author 42,Autobiography,54
963073,Book 443,Author 5,Textbook,58
923560,Book 444,Author 29,Science fiction,13
997175,Book 445,Author 21,Poetry,43
971963,Book 446,Author 1,Comic,31
979089,Book 447,Author 40,Poetry,63
955493,Book 448,Author 42,Philosophy,52
960567,Book 449,Author 6,Alternate history,30
907904,Book 450,Author 18,Comic,84
915458,Book 451,Author 12,Cookbook,96
925237,Book 452,Author 41,Action and adventure,52
907202,Book 453,Author 12,Alternate history,68
940100,Book 454,Author 16,Alternate history,1
958308,Book 455,Author 27,Crime,21
980244,Book 456,Author 29,Anthology,89
985823,Book 457,Author 11,Action and adventure,84
920419,Book 458,Author 31,Action and adventure,78
990812,Book 459,Author 20,Anthology,7
908403,Book 460,Author 12,Anthology,49
980013,Book 461,Author 29,Classic,54
998266,Book 462,Author 8,Poetry,72
913412,Book 463,Author 6,Alternate history,15
940932,Book 464,Author 31,Drama,62
904303,Book 465,Author 33,Fantasy,49
960761,Book 466,Author 46,Anthology,24
929836,Book 467,Author 17,Art/architecture,70
929242,Book 468,Author 31,Cookbook,83
971758,Book 469,Author 26,Math,7
986593,Book 470,Author 20,Autobiography,59
914456,Book 471,Author 38,Crime,39
919536,Book 472,Author 25,Classic,87
915588,Book 473,Author 33,Business/economics,7
996489,Book 474,Author 27,Crime,72
999719,Book 475,Author 44,Philosophy,51
957497,Book 476,Author 16,Classic,98
934758,Book 477,Author 4,Math,66
900733,Book 478,Author 44,Autobiography,91
920402,Book 479,Author 21,Science fiction,50
999443,Book 480,Author 7,Biography,96
990826,Book 481,Author 12,Art/architecture,94
925101,Book 482,Author 6,Comic,82
997688,Book 483,Author 38,Romance,1
942094,Book 484,Author 8,Horror,80
992026,Book 485,Author 35,Autobiography,37
966256,Book 486,Author 27,Action and adventure,51
970844,Book 487,Author 35,Philosophy,64
985745,Book 488,Author 27,Autobiography,49
992384,Book 489,Author 40,Cookbook,24
952726,Book 490,Author 4,Anthology,86
991666,Book 491,Author 16,Action and adventure,15
968450,Book 492,Author 10,Romance,43
950759,Book 493,Author 4,Math,15
939670,Book 494,Author 6,Art/architecture,68
994054,Book 495,Author 11,Dictionary,58
985386,Book 496,Author 11,Alternate history,7
989138,Book 497,Author 30,Cookbook,54
969754,Book 498,Author 17,Business/economics,89
931386,Book 499,Author 4,Anthology,29
905819,Book 500,Author 23,Drama,56
951571,Book 501,Author 45,Poetry,39
955545,Book 502,Author 41,Art/architecture,76
978655,Book 503,Author 47,Anthology,2
978305,Book 504,Author 41,Romance,64
996946,Book 505,Author 44,Drama,26
943754,Book 506,Author 19,Drama,19
954794,Book 507,Author 39,Fantasy,64
935810,Book 508,Author 12,Math,95
986903,Book 509,Author 13,Fantasy,9
933947,Book 510,Author 24,Encyclopedia,42
910598,Book 511,Author 3,Cookbook,59
958643,Book 512,Author 6,Fantasy,81
958253,Book 513,Author 37,Comic,95
993687,Book 514,Author 43,Action and adventure,81
978775,Book 515,Author 14,Cookbook,42
907176,Book 516,Author 46,Comic,72
911993,Book 517,Author 22,Crime,5
911073,Book 518,Author 28,Textbook,79
960075,Book 519,Author 7,Business/economics,27
906844,Book 520,Author 1,Encyclopedia,2
948841,Book 521,Author 47,Romance,7
932571,Book 522,Author 43,Horror,99
962912,Book 523,Author 2,Horror,6
902406,Book 524,Author 24,Textbook,91
970367,Book 525,Author 3,Dictionary,26
991753,Book 526,Author 45,Alternate history,88
945263,Book 527,Author 38,Romance,74
956892,Book 528,Author 31,Alternate history,9
920919,Book 529,Author 20,Horror,93
984144,Book 530,Author 28,Science fiction,56
970869,Book 531,Author 3,Biography,23
968242,Book 532,Author 27,Crime,82
977306,Book 533,Author 24,Autobiography,53
979065,Book 534,Author 15,Horror,87
950607,Book 535,Author 2,Alternate history,27
982788,Book 536,Author 8,Business/economics,86
908485,Book 537,Author 33,Math,20
903742,Book 538,Author 4,Encyclopedia,6
914485,Book 539,Author 38,Comic,51
985506,Book 540,Author 6,Alternate history,63
907386,Book 541,Author 47,Drama,30
991206,Book 542,Author 41,Poetry,42
915613,Book 543,Author 38,Anthology,9
964594,Book 544,Author 43,Cookbook,55
944058,Book 545,Author 32,Crime,62
968579,Book 546,Author 42,Alternate history,36
967476,Book 547,Author 21,Drama,70
947701,Book 548,Author 9,Textbook,17
937368,Book 549,Author 47,Horror,98
950221,Book 550,Author 18,Autobiography,40
935946,Book 551,Author 34,Dictionary,82
980075,Book 552,Author 31,Action and adventure,61
962141,Book 553,Author 24,Encyclopedia,89
901337,Book 554,Author 13,Science fiction,96
917853,Book 555,Author 5,Fantasy,6
904885,Book 556,Author 7,Alternate history,67
948793,Book 557,Author 20,Biography,50
905892,Book 558,Author 48,Classic,40
981534,Book 559,Author 45,Business/economics,3
997728,Book 560,Author 1,Math,6
914246,Book 561,Author 32,Biography,17
984200,Book 562,Author 28,Drama,32
957612,Book 563,Author 11,Business/economics,69
919138,Book 564,Author 5,Philosophy,98
977226,Book 565,Author 38,Philosophy,56
947654,Book 566,Author 34,Math,25
941378,Book 567,Author 25,Biography,36
919716,Book 568,Author 40,Crime,49
905170,Book 569,Author 16,Action and adventure,64
918256,Book 570,Author 9,Romance,62
933884,Book 571,Author 42,Dictionary,30
976575,Book 572,Author 48,Math,39
972793,Book 573,Author 34,Business/economics,66
991082,Book 574,Author 30,Textbook,48
953299,Book 575,Author 16,Crime,9
954279,Book 576,Author 12,Classic,48
924848,Book 577,Author 47,Philosophy,69
916776,Book 578,Author 35,Drama,62
988111,Book 579,Author 12,Romance,78
905236,Book 580,Author 16,Anthology,76
945584,Book 581,Author 8,Fantasy,36
981942,Book 582,Author 24,Classic,41
965931,Book 583,Author 18,Dictionary,84
997953,Book 584,Author 21,Crime,41
955091,Book 585,Author 35,Autobiography,49
906119,Book 586,Author 2,Math,65
980988,Book 587,Author 37,Cookbook,74
932331,Book 588,Author 9,Comic,72
919240,Book 589,Author 41,Biography,34
905272,Book 590,Author 6,Cookbook,20
919050,Book 591,Author 13,Poetry,66
980961,Book 592,Author 9,Textbook,15
944486,Book 593,Author 6,Romance,50
950494,Book 594,Author 14,Poetry,5
928936,Book 595,Author 15,Encyclopedia,30
972096,Book 596,Author 15,Horror,70
965895,Book 597,Author 22,Romance,81
990938,Book 598,Author 22,Alternate history,76
983942,Book 599,Author 29,Classic,54
982202,Book 600,Author 45,Art/architecture,36
957309,Book 601,Author 21,Business/economics,91
964418,Book 602,Author 32,Drama,18
920915,Book 603,Author 47,Autobiography,33
952967,Book 604,Author 3,Romance,76
944795,Book 605,Author 22,Fantasy,45
980640,Book 606,Author 5,Horror,37
968932,Book 607,Author 19,Classic,54
922155,Book 608,Author 37,Dictionary,27
964810,Book 609,Author 10,Business/economics,13
964707,Book 610,Author 29,Fantasy,89
982049,Book 611,Author 36,Anthology,97
902690,Book 612,Author 42,Fantasy,82
938851,Book 613,Author 18,Science fiction,53
978852,Book 614,Author 17,Dictionary,94
942167,Book 615,Author 37,Comic,3
959703,Book 616,Author 21,Business/economics,3
928011,Book 617,Author 1,Dictionary,8
903385,Book 618,Author 38,Horror,31
955421,Book 619,Author 1,Dictionary,17
996766,Book 620,Author 25,Math,17
938648,Book 621,Author 9,Horror,38
909244,Book 622,Author 9,Textbook,66
990168,Book 623,Author 46,Art/architecture,52
925326,Book 624,Author 27,Biography,36
966267,Book 625,Author 39,Cookbook,30
913615,Book 626,Author 28,Fantasy,74
918223,Book 627,Author 6,Textbook,99
902347,Book 628,Author 6,Biography,3
971634,Book 629,Author 41,Action and adventure,44
914027,Book 630,Author 23,Romance,11
944575,Book 631,Author 24,Fantasy,20
986508,Book 632,Author 25,Poetry,32
970914,Book 633,Author 18,Crime,74
930191,Book 634,Author 47,Anthology,41
909834,Book 635,Author 42,Art/architecture,49
913502,Book 636,Author 24,Horror,49
943410,Book 637,Author 6,Autobiography,17
920746,Book 638,Author 46,Classic,77
990046,Book 639,Author 43,Business/economics,43
933004,Book 640,Author 18,Alternate history,86
916977,Book 641,Author 18,Encyclopedia,80
984618,Book 642,Author 32,Encyclopedia,11
908532,Book 643,Author 14,Encyclopedia,17
995267,Book 644,Author 25,Math,47
915023,Book 645,Author 26,Cookbook,43
937055,Book 646,Author 46,Science fiction,65
938155,Book 647,Author 29,Textbook,33
975188,Book 648,Author 19,Business/economics,59
923417,Book 649,Author 22,Philosophy,62
926545,Book 650,Author 21,Drama,18
965655,Book 651,Author 4,Drama,68
906580,Book 652,Author 28,Cookbook,27
963726,Book 653,Author 14,Crime,87
939036,Book 654,Author 31,Science fiction,70
977470,Book 655,Author 23,Drama,64
935043,Book 656,Author 37,Science fiction,93
939260,Book 657,Author 16,Classic,43
907212,Book 658,Author 34,Poetry,27
931447,Book 659,Author 11,Philosophy,90
903456,Book 660,Author 22,Anthology,54
996120,Book 661,Author 15,Horror,44
996332,Book 662,Author 31,Autobiography,69
945791,Book 663,Author 41,Crime,89
965311,Book 664,Author 2,Classic,77
903090,Book 665,Author 23,Fantasy,76
970625,Book 666,Author 3,Action and adventure,31
972347,Book 667,Author 4,Alternate history,58
913374,Book 668,Author 33,Math,69
922585,Book 669,Author 44,Biography,47
962196,Book 670,Author 29,Science fiction,21
922463,Book 671,Author 1,Art/architecture,79
900718,Book 672,Author 1,Alternate history,54
906725,Book 673,Author 42,Poetry,37
971846,Book 674,Author 44,Business/economics,22
903520,Book 675,Author 33,Crime,95
938058,Book 676,Author 45,Philosophy,65
993833,Book 677,Author 9,Science fiction,20
978274,Book 678,Author 33,Horror,7
965656,Book 679,Author 44,Comic,10
963582,Book 680,Author 5,Alternate history,7
995074,Book 681,Author 9,Alternate history,48
902277,Book 682,Author 4,Art/architecture,95
921976,Book 683,Author 32,Horror,2
905858,Book 684,Author 13,Action and adventure,7
914499,Book 685,Author 43,Action and adventure,55
979214,Book 686,Author 24,Business/economics,9
925394,Book 687,Author 10,Horror,7
991367,Book 688,Author 16,Encyclopedia,94
925105,Book 689,Author 16,Science fiction,56
925517,Book 690,Author 36,Anthology,96
995033,Book 691,Author 32,Romance,51
988598,Book 692,Author 42,Textbook,63
943774,Book 693,Author 27,Poetry,45
975178,Book 694,Author 37,Autobiography,80
967021,Book 695,Author 47,Business/economics,29
976227,Book 696,Author 10,Drama,35
992045,Book 697,Author 18,Classic,1
968796,Book 698,Author 3,Classic,59
964898,Book 699,Author 30,Classic,21
965368,Book 700,Author 10,Science fiction,71
999085,Book 701,Author 40,Drama,38
953114,Book 702,Author 20,Alternate history,80
985752,Book 703,Author 35,Romance,19
954793,Book 704,Author 28,Cookbook,74
990935,Book 705,Author 38,Textbook,89
976077,Book 706,Author 8,Classic,55
936714,Book 707,Author 22,Math,31
994689,Book 708,Author 30,Cookbook,21
910380,Book 709,Author 19,Alternate history,40
981728,Book 710,Author 14,Classic,39
984336,Book 711,Author 25,Romance,81
931265,Book 712,Author 47,Art/architecture,72
928254,Book 713,Author 40,Math,98
945473,Book 714,Author 30,Horror,24
997329,Book 715,Author 26,Dictionary,77
915770,Book 716,Author 19,Fantasy,28
926259,Book 717,Author 44,Dictionary,53
903307,Book 718,Author 5,Science fiction,27
913621,Book 719,Author 49,Romance,73
994794,Book 720,Author 44,Poetry,93
938310,Book 721,Author 49,Comic,27
941496,Book 722,Author 11,Textbook,44
904366,Book 723,Author 28,Biography,98
994632,Book 724,Author 16,Business/economics,79
936595,Book 725,Author 20,Science fiction,92
933914,Book 726,Author 49,Drama,92
962633,Book 727,Author 37,Classic,83
961199,Book 728,Author 48,Autobiography,19
948583,Book 729,Author 7,Comic,65
910505,Book 730,Author 21,Horror,70
931002,Book 731,Author 32,Science fiction,72
902767,Book 732,Author 20,Biography,68
906332,Book 733,Author 43,Art/architecture,60
973799,Book 734,Author 45,Horror,23
976322,Book 735,Author 23,Horror,27
953554,Book 736,Author 36,Textbook,88
902997,Book 737,Author 17,Anthology,9
907645,Book 738,Author 7,Action and adventure,48
926197,Book 739,Author 47,Drama,85
980407,Book 740,Author 16,Dictionary,42
931677,Book 741,Author 34,Biography,38
957859,Book 742,Author 23,Fantasy,17
915110,Book 743,Author 20,Cookbook,97
984445,Book 744,Author 1,Action and adventure,37
932255,Book 745,Author 16,Poetry,4
983350,Book 746,Author 30,Anthology,90
980491,Book 747,Author 40,Dictionary,92
905890,Book 748,Author 19,Horror,79
978734,Book 749,Author 16,Drama,42
910871,Book 750,Author 37,Philosophy,26
999007,Book 751,Author 44,Autobiography,26
919662,Book 752,Author 30,Romance,3
925317,Book 753,Author 21,Romance,45
908209,Book 754,Author 5,Classic,5
974182,Book 755,Author 13,Math,88
923160,Book 756,Author 4,Crime,23
903314,Book 757,Author 49,Dictionary,60
974065,Book 758,Author 26,Cookbook,30
927745,Book 759,Author 22,Math,95
974591,Book 760,Author 29,Comic,25
975547,Book 761,Author 1,Art/architecture,95
952873,Book 762,Author 28,Alternate history,22
911122,Book 763,Author 32,Philosophy,44
993507,Book 764,Author 5,Comic,99
915700,Book 765,Author 38,Classic,32
915603,Book 766,Author 26,Business/economics,17
906287,Book 767,Author 42,Dictionary,48
954546,Book 768,Author 6,Alternate history,82
972411,Book 769,Author 40,Math,58
972710,Book 770,Author 11,Art/architecture,28
901552,Book 771,Author 17,Comic,83
987266,Book 772,Author 34,Fantasy,48
901989,Book 773,Author 44,Crime,89
995600,Book 774,Author 23,Classic,51
963321,Book 775,Author 35,Dictionary,56
931382,Book 776,Author 42,Alternate history,87
933862,Book 777,Author 18,Cookbook,54
936139,Book 778,Author 19,Textbook,53
951209,Book 779,Author 33,Anthology,4
922165,Book 780,Author 28,Alternate history,39
964298,Book 781,Author 22,Science fiction,41
909496,Book 782,Author 35,Action and adventure,31
938065,Book 783,Author 40,Horror,39
956225,Book 784,Author 23,Crime,47
966682,Book 785,Author 4,Anthology,3
916333,Book 786,Author 32,Cookbook,79
979343,Book 787,Author 40,Alternate history,15
922344,Book 788,Author 22,Action and adventure,10
920297,Book 789,Author 21,Comic,39
944999,Book 790,Author 40,Art/architecture,43
911746,Book 791,Author 38,Romance,3
991738,Book 792,Author 46,Crime,27
941941,Book 793,Author 40,Cookbook,99
946855,Book 794,Author 39,Biography,69
921553,Book 795,Author 1,Art/architecture,64
959389,Book 796,Author 22,Comic,31
913632,Book 797,Author 19,Textbook,1
951562,Book 798,Author 23,Crime,92
983961,Book 799,Author 5,Poetry,32
982478,Book 800,Author 45,Dictionary,29
955985,Book 801,Author 46,Dictionary,15
904522,Book 802,Author 38,Drama,50
922988,Book 803,Author 2,Romance,53
922085,Book 804,Author 9,Math,32
936448,Book 805,Author 3,Romance,95
905959,Book 806,Author 27,Science fiction,83
975719,Book 807,Author 44,Comic,49
928081,Book 808,Author 20,Biography,9
969541,Book 809,Author 48,Math,77
944119,Book 810,Author 18,Dictionary,35
986192,Book 811,Author 41,Romance,48
937107,Book 812,Author 33,Alternate history,97
904789,Book 813,Author 12,Drama,82
959764,Book 814,Author 37,Textbook,59
966482,Book 815,Author 43,Biography,85
937638,Book 816,Author 12,Classic,69
960502,Book 817,Author 24,Business/economics,85
951148,Book 818,Author 20,Math,17
907142,Book 819,Author 22,Business/economics,5
958203,Book 820,Author 10,Business/economics,99
976926,Book 821,Author 16,Drama,90
925934,Book 822,Author 45,Dictionary,49
940216,Book 823,Author 15,Crime,74
944320,Book 824,Author 24,Crime,59
933902,Book 825,Author 18,Art/architecture,38
956342,Book 826,Author 35,Poetry,27
915010,Book 827,Author 14,Biography,74
911639,Book 828,Author 33,Poetry,27
939003,Book 829,Author 29,Horror,8
937559,Book 830,Author 42,Business/economics,27
931821,Book 831,Author 19,Business/economics,37
957964,Book 832,Author 6,Comic,95
964711,Book 833,Author 1,Drama,22
922184,Book 834,Author 44,Action and adventure,20
926328,Book 835,Author 46,Art/architecture,1
998182,Book 836,Author 22,Comic,22
951491,Book 837,Author 36,Science fiction,51
917303,Book 838,Author 22,Alternate history,69
992399,Book 839,Author 25,Drama,45
950551,Book 840,Author 26,Anthology,78
983244,Book 841,Author 46,Classic,93
949496,Book 842,Author 19,Art/architecture,65
999549,Book 843,Author 16,Philosophy,74
984102,Book 844,Author 23,Business/economics,52
964402,Book 845,Author 40,Math,61
947628,Book 846,Author 20,Cookbook,47
933756,Book 847,Author 30,Anthology,89
992078,Book 848,Author 33,Crime,24
987104,Book 849,Author 39,Business/economics,4
963754,Book 850,Author 39,Art/architecture,72
979842,Book 851,Author 27,Philosophy,10
958247,Book 852,Author 48,Science fiction,7
972601,Book 853,Author 2,Horror,27
925802,Book 854,Author 34,Poetry,44
909776,Book 855,Author 24,Anthology,54
916267,Book 856,Author 44,Cookbook,78
981880,Book 857,Author 41,Biography,92
988890,Book 858,Author 14,Horror,41
956093,Book 859,Author 1,Romance,84
955552,Book 860,Author 47,Horror,36
905771,Book 861,Author 48,Philosophy,75
900628,Book 862,Author 42,Math,39
999572,Book 863,Author 20,Encyclopedia,9
988331,Book 864,Author 8,Crime,21
927900,Book 865,Author 22,Dictionary,42
948376,Book 866,Author 21,Action and adventure,43
969448,Book 867,Author 25,Crime,88
956245,Book 868,Author 20,Drama,7
919658,Book 869,Author 36,Textbook,28
913761,Book 870,Author 17,Textbook,97
971038,Book 871,Author 27,Cookbook,8
974530,Book 872,Author 38,Fantasy,86
908339,Book 873,Author 8,Biography,78
946960,Book 874,Author 4,Crime,7
925486,Book 875,Author 13,Art/architecture,76
951582,Book 876,Author 23,Autobiography,98
921531,Book 877,Author 43,Action and adventure,95
965799,Book 878,Author 15,Business/economics,59
982532,Book 879,Author 29,Business/economics,63
941475,Book 880,Author 26,Poetry,90
928739,Book 881,Author 27,Anthology,76
913508,Book 882,Author 2,Alternate history,24
906335,Book 883,Author 4,Encyclopedia,77
958304,Book 884,Author 15,Crime,76
900045,Book 885,Author 20,Encyclopedia,29
956277,Book 886,Author 6,Cookbook,43
975552,Book 887,Author 19,Math,53
967956,Book 888,Author 25,Action and adventure,22
981589,Book 889,Author 41,Cookbook,19
972796,Book 890,Author 31,Horror,4
935771,Book 891,Author 12,Biography,54
929746,Book 892,Author 38,Philosophy,10
965779,Book 893,Author 33,Horror,29
998491,Book 894,Author 24,Horror,52
922024,Book 895,Author 1,Encyclopedia,92
971508,Book 896,Author 18,Drama,95
948113,Book 897,Author 11,Action and adventure,44
970196,Book 898,Author 26,Alternate history,13
991628,Book 899,Author 22,Science fiction,95
978777,Book 900,Author 1,Autobiography,48
923238,Book 901,Author 17,Science fiction,69
979187,Book 902,Author 48,Alternate history,33
997802,Book 903,Author 33,Poetry,44
956453,Book 904,Author 46,Poetry,51
943017,Book 905,Author 23,Poetry,24
916086,Book 906,Author 27,Comic,16
947914,Book 907,Author 33,Business/economics,93
919911,Book 908,Author 39,Fantasy,61
968087,Book 909,Author 41,Anthology,73
972732,Book 910,Author 39,Fantasy,34
985257,Book 911,Author 10,Horror,20
958505,Book 912,Author 28,Romance,89
948116,Book 913,Author 38,Fantasy,75
911959,Book 914,Author 9,Business/economics,78
935624,Book 915,Author 41,Drama,89
903044,Book 916,Author 11,Biography,65
955691,Book 917,Author 24,Fantasy,59
960710,Book 918,Author 1,Comic,38
938887,Book 919,Author 18,Alternate history,17
921010,Book 920,Author 5,Science fiction,85
930618,Book 921,Author 3,Philosophy,12
918505,Book 922,Author 27,Encyclopedia,34
994305,Book 923,Author 45,Drama,83
963231,Book 924,Author 22,Poetry,32
971975,Book 925,Author 16,Poetry,75
969060,Book 926,Author 48,Textbook,24
930125,Book 927,Author 31,Biography,61
955166,Book 928,Author 29,Math,9
939227,Book 929,Author 15,Dictionary,48
994252,Book 930,Author 2,Drama,59
945100,Book 931,Author 2,Business/economics,88
914363,Book 932,Author 28,Cookbook,62
964560,Book 933,Author 44,Romance,97
936316,Book 934,Author 5,Biography,67
904762,Book 935,Author 19,Encyclopedia,13
967966,Book 936,Author 38,Fantasy,25
987026,Book 937,Author 33,Drama,79
970022,Book 938,Author 12,Crime,15
933658,Book 939,Author 2,Drama,89
992917,Book 940,Author 17,Action and adventure,19
921055,Book 941,Author 25,Romance,17
970581,Book 942,Author 9,Biography,46
910281,Book 943,Author 1,Alternate history,94
991958,Book 944,Author 1,Crime,88
961729,Book 945,Author 20,Dictionary,69
970540,Book 946,Author 12,Dictionary,84
990653,Book 947,Author 20,Math,24
959659,Book 948,Author 35,Math,22
917078,Book 949,Author 39,Art/architecture,6
996061,Book 950,Author 27,Encyclopedia,4
911648,Book 951,Author 44,Philosophy,98
931901,Book 952,Author 4,Art/architecture,83
988828,Book 953,Author 42,Anthology,4
980169,Book 954,Author 26,Horror,16
945325,Book 955,Author 31,Drama,66
901426,Book 956,Author 38,Fantasy,98
904829,Book 957,Author 13,Crime,80
939236,Book 958,Author 37,Horror,1
923411,Book 959,Author 40,Anthology,57
961411,Book 960,Author 33,Business/economics,60
973354,Book 961,Author 28,Biography,83
987687,Book 962,Author 22,Encyclopedia,22
977719,Book 963,Author 15,Business/economics,93
983101,Book 964,Author 21,Romance,50
998789,Book 965,Author 23,Encyclopedia,75
968370,Book 966,Author 3,Math,95
948839,Book 967,Author 28,Action and adventure,53
934370,Book 968,Author 11,Crime,10
931399,Book 969,Author 5,Autobiography,79
994465,Book 970,Author 17,Business/economics,71
906107,Book 971,Author 15,Drama,89
954636,Book 972,Author 29,Anthology,74
966969,Book 973,Author 10,Crime,57
947212,Book 974,Author 48,Cookbook,45
958506,Book 975,Author 42,Dictionary,20
931267,Book 976,Author 30,Philosophy,25
951716,Book 977,Author 29,Cookbook,28
975810,Book 978,Author 16,Fantasy,93
994037,Book 979,Author 37,Crime,35
940161,Book 980,Author 35,Business/economics,98
964913,Book 981,Author 23,Alternate history,75
985060,Book 982,Author 21,Romance,43
918261,Book 983,Author 25,Comic,81
974754,Book 984,Author 30,Poetry,76
958708,Book 985,Author 10,Textbook,96
984021,Book 986,Author 37,Drama,35
910718,Book 987,Author 46,Textbook,21
933585,Book 988,Author 5,Horror,12
958650,Book 989,Author 32,Alternate history,48
972302,Book 990,Author 4,Math,19
904165,Book 991,Author 35,Crime,20
967074,Book 992,Author 10,Horror,47
992214,Book 993,Author 22,Classic,16
920675,Book 994,Author 33,Action and adventure,37
954615,Book 995,Author 45,Action and adventure,67
